Begin_position,End_position,Mutability,Shannon_entropy,Gap_percentage,Protein,Positions,Sequence
24591,24620,0.00115,0.00962,0.00798,S,24591-24620,AAAATGTCAGAGTGTGTACTTGGACAATCA
15007,15036,0.00139,0.01085,0.00798,ORF1ab,15007-15036,TACTATAACTCAAATGAATCTTAAGTATGC
14914,14943,0.0014,0.01109,0.00798,ORF1ab,14914-14943,TAATAAATGGGGTAAGGCTAGACTTTATTA
14915,14944,0.0014,0.01109,0.00798,ORF1ab,14915-14944,AATAAATGGGGTAAGGCTAGACTTTATTAT
26290,26319,0.00141,0.01141,0.00798,E,26290-26319,CCTTACTGCGCTTCGATTGTGTGCGTACTG
26289,26318,0.00141,0.01141,0.00798,E,26289-26318,TCCTTACTGCGCTTCGATTGTGTGCGTACT
14913,14942,0.00143,0.01133,0.00798,ORF1ab,14913-14942,TTAATAAATGGGGTAAGGCTAGACTTTATT
10875,10904,0.00143,0.01151,0.00798,ORF1ab,10875-10904,AGAAGATGAATTTACACCTTTTGATGTTGT
10876,10905,0.00143,0.01151,0.00798,ORF1ab,10876-10905,GAAGATGAATTTACACCTTTTGATGTTGTT
10436,10465,0.00143,0.01136,0.00798,ORF1ab,10436-10465,TTAATGGTTCATGTGGTAGTGTTGGTTTTA
